id,first_name,last_name,email,gender,ip_address
1,Dolley,Songer,dsonger0@businessweek.com,Female,120.107.3.146
2,Aylmar,Rakes,arakes1@facebook.com,Male,181.227.141.140
3,Agace,Beecham,abeecham2@gov.uk,Female,220.225.204.176
4,Aimee,McGinty,amcginty3@edublogs.org,Female,144.153.43.146
5,Issie,Trevithick,itrevithick4@skyrock.com,Female,251.177.50.163
6,Crissie,Merington,cmerington5@nba.com,Female,230.170.133.12
7,Gage,De Rye Barrett,gderyebarrett6@fc2.com,Male,97.97.211.201
8,Helene,Hawley,hhawley7@example.com,Female,223.206.155.97
9,Harrie,Soutar,hsoutar8@cbsnews.com,Female,115.41.88.193
10,Bryn,Neve,bneve9@technorati.com,Female,47.72.114.149
